Date,Name,Year,Letterboxd URI,Rating
2023-10-30,Band of Brothers,2001,https://boxd.it/aRNY,5
2023-10-30,Cowboy Bebop,1998,https://boxd.it/ptES,4.5
2024-05-03,2001: A Space Odyssey,1968,https://boxd.it/2bf0,5
2024-05-03,2010: The Year We Make Contact,1984,https://boxd.it/24lK,3
2024-05-03,Dr. Strangelove or: How I Learned to Stop Worrying and Love the Bomb,1964,https://boxd.it/29eY,4
2024-05-03,Deepwater Horizon,2016,https://boxd.it/9oiU,4
2024-05-03,Star Trek II: The Wrath of Khan,1982,https://boxd.it/2b0u,2
2024-05-03,A Haunting in Venice,2023,https://boxd.it/zGdg,2
2024-05-03,Léon: The Professional,1994,https://boxd.it/2b8S,3
2024-05-03,Whiplash,2014,https://boxd.it/7bQA,5
2024-05-03,The Lost City of Z,2016,https://boxd.it/a7jS,1
2024-05-03,There Will Be Blood,2007,https://boxd.it/20Z2,4
2024-05-03,2012,2009,https://boxd.it/1OE2,2
2024-05-03,Elysium,2013,https://boxd.it/2cBm,3
2024-05-03,Hellboy,2004,https://boxd.it/28HK,2
2024-05-03,R.I.P.D.,2013,https://boxd.it/FQQ,3
2024-05-03,The Creator,2023,https://boxd.it/oXWq,3
2024-05-03,Minority Report,2002,https://boxd.it/2aWi,3
2024-05-07,Spirited Away,2001,https://boxd.it/2b4m,5
2025-06-08,Mickey 17,2025,https://boxd.it/q1Dk,2.5
2025-06-08,Dune: Part Two,2024,https://boxd.it/pUfA,3.5
2025-06-08,Oppenheimer,2023,https://boxd.it/wUow,3
2025-06-08,Spider-Man: Across the Spider-Verse,2023,https://boxd.it/kSz4,4.5
2025-06-08,Everything Everywhere All at Once,2022,https://boxd.it/jUk4,2
2025-06-08,Dune,2021,https://boxd.it/fA7G,3.5
2025-06-08,Knives Out,2019,https://boxd.it/jWEA,3
2025-06-08,Joker,2019,https://boxd.it/h4cS,2
2025-06-08,Once Upon a Time... in Hollywood,2019,https://boxd.it/gH0O,3
2025-06-08,Spider-Man: Into the Spider-Verse,2018,https://boxd.it/azpY,4
2025-06-08,La La Land,2016,https://boxd.it/a5fa,4
2025-06-08,The Way Way Back,2013,https://boxd.it/4Gwq,4
2025-06-08,Inception,2010,https://boxd.it/1skk,3.5
2025-06-08,Inglourious Basterds,2009,https://boxd.it/1JzG,4.5
2025-06-08,The Dark Knight,2008,https://boxd.it/2b0k,4.5
2025-06-08,Fight Club,1999,https://boxd.it/2a9q,3.5
2025-06-08,Starship Troopers,1997,https://boxd.it/2a7k,2.5
2025-06-08,Kiki's Delivery Service,1989,https://boxd.it/1JAY,3.5
2025-06-08,Pulp Fiction,1994,https://boxd.it/29Pq,5
2025-06-08,Captain America: Brave New World,2025,https://boxd.it/uYDm,1.5
2025-06-08,The Shawshank Redemption,1994,https://boxd.it/2aHi,5
2025-06-08,The Godfather Part II,1974,https://boxd.it/2aNq,4.5
2025-06-08,The Godfather,1972,https://boxd.it/2aNK,4.5
2025-06-08,Schindler's List,1993,https://boxd.it/2aq2,4.5
2025-06-08,"The Good, the Bad and the Ugly",1966,https://boxd.it/2ape,4
2025-06-08,Grave of the Fireflies,1988,https://boxd.it/1RUM,5
2025-06-08,Neon Genesis Evangelion: The End of Evangelion,1997,https://boxd.it/1GRM,3.5
2025-06-08,GoodFellas,1990,https://boxd.it/29FA,3.5
2025-06-08,The Empire Strikes Back,1980,https://boxd.it/27Vw,4.5
2025-06-08,Do the Right Thing,1989,https://boxd.it/29gA,5
2025-06-08,The Pianist,2002,https://boxd.it/2aqc,4.5
2025-06-08,Princess Mononoke,1997,https://boxd.it/2b4w,3
2025-06-08,Good Will Hunting,1997,https://boxd.it/2ahY,4
2025-06-08,Howl's Moving Castle,2004,https://boxd.it/23De,3.5
2025-06-08,The Departed,2006,https://boxd.it/28MA,3
2025-06-08,Django Unchained,2012,https://boxd.it/2cCk,4
2025-06-08,Children of Men,2006,https://boxd.it/1Y2i,4
2025-06-08,Terminator 2: Judgment Day,1991,https://boxd.it/2aGY,2.5
2025-06-08,Heat,1995,https://boxd.it/2bg8,4.5
2025-06-08,Akira,1988,https://boxd.it/2b1i,3
2025-06-08,Casablanca,1942,https://boxd.it/2aG0,3
2025-06-08,Twin Peaks: Fire Walk with Me,1992,https://boxd.it/27Qw,3
2025-06-08,The Iron Giant,1999,https://boxd.it/1Wow,3.5
2025-06-08,The Prestige,2006,https://boxd.it/293w,3.5
2025-06-08,The Green Mile,1999,https://boxd.it/2agG,3.5
2025-06-08,Saving Private Ryan,1998,https://boxd.it/29ro,4
2025-06-08,The Grand Budapest Hotel,2014,https://boxd.it/3ZqO,5
2025-06-08,The Bridge on the River Kwai,1957,https://boxd.it/29wo,3
2025-06-08,Little Miss Sunshine,2006,https://boxd.it/29EW,3
2025-06-08,Life of Pi,2012,https://boxd.it/37pC,4
2025-06-08,The Peanut Butter Falcon,2019,https://boxd.it/gzu2,3.5
2025-06-08,The Theory of Everything,2014,https://boxd.it/7YtA,3
2025-06-08,The Secret Life of Walter Mitty,2013,https://boxd.it/3SWy,3.5
2025-06-08,Moonrise Kingdom,2012,https://boxd.it/2Wng,4
2025-06-08,Room,2015,https://boxd.it/7T0y,2.5
2025-06-08,(500) Days of Summer,2009,https://boxd.it/1EmM,3.5
2025-06-08,The Truman Show,1998,https://boxd.it/18U8,3
2025-06-08,Blade Runner 2049,2017,https://boxd.it/b8wK,3
2025-06-08,Bridge to Terabithia,2007,https://boxd.it/28YG,3.5
2025-06-08,WALL·E,2008,https://boxd.it/1VEo,3.5
2025-06-08,Drive,2011,https://boxd.it/IG,3.5
2025-06-08,Captain Phillips,2013,https://boxd.it/3GPK,3.5
2025-06-08,1917,2019,https://boxd.it/jj4y,3
2025-06-08,Silver Linings Playbook,2012,https://boxd.it/2TTo,3.5
2025-06-08,Dunkirk,2017,https://boxd.it/d0Y6,4.5
2025-06-08,Jojo Rabbit,2019,https://boxd.it/iEBG,3
2025-06-08,Lady Bird,2017,https://boxd.it/dGNE,3
2025-06-08,Beautiful Boy,2018,https://boxd.it/g76Q,3.5
2025-06-08,When Harry Met Sally...,1989,https://boxd.it/29W2,3.5
2025-06-08,Ratatouille,2007,https://boxd.it/27ww,4
2025-06-08,Big Hero 6,2014,https://boxd.it/5rje,4
2025-06-08,50/50,2011,https://boxd.it/10Tw,2.5
2025-06-08,Inside Out,2015,https://boxd.it/4KHC,2
2025-06-08,Back to the Future,1985,https://boxd.it/2b8e,2.5
2025-06-08,Mad Max: Fury Road,2015,https://boxd.it/2DjO,3
2025-06-08,Citizen Kane,1941,https://boxd.it/71O,3.5
2025-06-08,Titanic,1997,https://boxd.it/2a2k,2.5
2025-06-08,Clue,1985,https://boxd.it/1MDQ,4
2025-06-08,Kung Fu Panda,2008,https://boxd.it/1Yws,3.5
2025-06-08,The Matrix,1999,https://boxd.it/2a1m,3.5
2025-06-08,Toy Story,1995,https://boxd.it/29qA,3
2025-06-08,The Sandlot,1993,https://boxd.it/1TDy,3.5
2025-06-08,E.T. the Extra-Terrestrial,1982,https://boxd.it/2a1G,2.5
2025-06-08,Groundhog Day,1993,https://boxd.it/2b3e,2.5
2025-06-08,Cast Away,2000,https://boxd.it/20i8,3
2025-06-08,The Graduate,1967,https://boxd.it/18Im,3.5
2025-06-08,Mean Girls,2004,https://boxd.it/1VNg,1.5
2025-06-08,Blade Runner,1982,https://boxd.it/2bcA,3
2025-06-08,Spider-Man 2,2004,https://boxd.it/2a88,3.5
2025-06-08,The Notebook,2004,https://boxd.it/1UNE,4.5
2025-06-08,Scarface,1983,https://boxd.it/2b7g,4
2025-06-08,The Avengers,2012,https://boxd.it/1xFW,3
2025-06-08,Forrest Gump,1994,https://boxd.it/728,3
2025-06-08,Taxi Driver,1976,https://boxd.it/2b8y,4
2025-06-08,Home Alone,1990,https://boxd.it/29Fg,3
2025-06-08,Jurassic Park,1993,https://boxd.it/2aA2,3
2025-06-08,Hacksaw Ridge,2016,https://boxd.it/azew,2
2025-06-08,To Kill a Mockingbird,1962,https://boxd.it/2a2E,4
2025-06-08,The Breakfast Club,1985,https://boxd.it/27q4,3.5
2025-06-08,Speed Racer,2008,https://boxd.it/20UQ,1.5
2025-06-08,Rocky,1976,https://boxd.it/28Uk,2.5
2025-06-08,The Social Network,2010,https://boxd.it/17ue,3.5
2025-06-08,10 Things I Hate About You,1999,https://boxd.it/23AO,4.5
2025-06-08,Remember the Titans,2000,https://boxd.it/1VLk,3.5
2025-06-08,The Goonies,1985,https://boxd.it/1YVC,2.5
2025-06-08,American Beauty,1999,https://boxd.it/71Y,3.5
2025-06-08,Gladiator,2000,https://boxd.it/2b9m,3
2025-06-08,Bridesmaids,2011,https://boxd.it/rac,2
2025-06-08,Kill Bill: Vol. 1,2003,https://boxd.it/70w,4
2025-06-08,Warrior,2011,https://boxd.it/i3G,3.5
2025-06-08,The Big Lebowski,1998,https://boxd.it/2b6C,3.5
2025-06-08,Die Hard,1988,https://boxd.it/2a7u,3.5
2025-06-08,BlacKkKlansman,2018,https://boxd.it/hxL8,2
2025-06-08,Mission: Impossible – Fallout,2018,https://boxd.it/bSVc,3.5
2025-06-08,Superbad,2007,https://boxd.it/20hO,4
2025-06-08,Raiders of the Lost Ark,1981,https://boxd.it/2bbs,4
2025-06-08,Coco,2017,https://boxd.it/bYJQ,3
2025-06-08,Braveheart,1995,https://boxd.it/2aTI,3
2025-06-08,Goldfinger,1964,https://boxd.it/29SY,3.5
2025-06-08,Step Brothers,2008,https://boxd.it/1SsE,3.5
2025-06-08,The King's Speech,2010,https://boxd.it/dX0,3
2025-06-08,Jaws,1975,https://boxd.it/2a5e,1.5
2025-06-08,Airplane!,1980,https://boxd.it/29yu,3
2025-06-08,The Revenant,2015,https://boxd.it/8H5e,3
2025-06-08,Get Out,2017,https://boxd.it/eOCm,2.5
2025-06-08,Ex Machina,2015,https://boxd.it/7T2k,4
2025-06-08,Idiocracy,2006,https://boxd.it/20RW,4
2025-06-08,Fargo,1996,https://boxd.it/2aHM,4
2025-06-08,"Monsters, Inc.",2001,https://boxd.it/2a46,3.5
2025-06-08,"Three Billboards Outside Ebbing, Missouri",2017,https://boxd.it/ceBS,4
2025-06-08,The Lego Movie,2014,https://boxd.it/4pDO,2.5
2025-06-08,Holes,2003,https://boxd.it/20mE,3
2025-06-08,Argo,2012,https://boxd.it/2czU,2.5
2025-06-08,Gremlins,1984,https://boxd.it/29gg,1
2025-06-08,Rushmore,1998,https://boxd.it/1TAO,3
2025-06-08,The Royal Tenenbaums,2001,https://boxd.it/1YHU,3
2025-06-08,A Christmas Story,1983,https://boxd.it/29sw,3
2025-06-08,Full Metal Jacket,1987,https://boxd.it/2a1Q,4
2025-06-08,The Big Short,2015,https://boxd.it/ajZw,3.5
2025-06-08,End of Watch,2012,https://boxd.it/2F5O,3
2025-06-08,Birdman or (The Unexpected Virtue of Ignorance),2014,https://boxd.it/5RFA,2
2025-06-08,The Fast and the Furious,2001,https://boxd.it/1XMu,2.5
2025-06-08,Love Actually,2003,https://boxd.it/2aeU,3.5
2025-06-08,Pirates of the Caribbean: The Curse of the Black Pearl,2003,https://boxd.it/70G,3
2025-06-08,Pitch Perfect,2012,https://boxd.it/3OsE,1
2025-06-08,Apollo 13,1995,https://boxd.it/2a6G,3.5
2025-06-08,Napoleon Dynamite,2004,https://boxd.it/20wu,4
2025-06-08,Willy Wonka & the Chocolate Factory,1971,https://boxd.it/2aLu,3.5
2025-06-08,Ghostbusters,1984,https://boxd.it/g2w,3
2025-06-08,The Talented Mr. Ripley,1999,https://boxd.it/2924,3
2025-06-08,The Deer Hunter,1978,https://boxd.it/1T6O,3.5
2025-06-08,The Incredibles,2004,https://boxd.it/1XLm,4
2025-06-08,Point Break,1991,https://boxd.it/2958,3
2025-06-08,Gattaca,1997,https://boxd.it/29Du,3.5
2025-06-08,Scott Pilgrim vs. the World,2010,https://boxd.it/1Aq6,4.5
2025-06-08,Fast Times at Ridgemont High,1982,https://boxd.it/1QnM,4
2025-06-08,The Thin Red Line,1998,https://boxd.it/1ZTM,4.5
2025-06-08,The Great Escape,1963,https://boxd.it/22kA,3
2025-06-08,Killers of the Flower Moon,2023,https://boxd.it/gHp0,3
2025-06-08,Planet of the Apes,1968,https://boxd.it/29p8,3
2025-06-08,Top Gun: Maverick,2022,https://boxd.it/cjr4,3.5
2025-06-08,White Men Can't Jump,1992,https://boxd.it/1WWy,2.5
2025-06-08,Wet Hot American Summer,2001,https://boxd.it/27hw,4
2025-06-08,Elf,2003,https://boxd.it/1VyK,3.5
2025-06-08,The Hurt Locker,2008,https://boxd.it/1Soi,3.5
2025-06-08,Lost in Translation,2003,https://boxd.it/2b0E,3
2025-06-08,21 Jump Street,2012,https://boxd.it/J0,2.5
2025-06-08,RoboCop,1987,https://boxd.it/22Wu,1
2025-06-08,All the President's Men,1976,https://boxd.it/29lU,3
2025-06-08,Zoolander,2001,https://boxd.it/1YMA,3.5
2025-06-08,A Few Good Men,1992,https://boxd.it/29nw,4
2025-06-08,American Psycho,2000,https://boxd.it/28Vs,3
2025-06-08,42,2013,https://boxd.it/3GBo,3
2025-06-08,mid90s,2018,https://boxd.it/fxIa,3.5
2025-06-08,Field of Dreams,1989,https://boxd.it/26VK,3.5
2025-06-08,Ocean's Eleven,2001,https://boxd.it/2aZm,3
2025-06-08,Dazed and Confused,1993,https://boxd.it/1Ylk,3
2025-06-08,Arrival,2016,https://boxd.it/aNGk,4
2025-06-08,Ferris Bueller's Day Off,1986,https://boxd.it/1YPY,4
2025-06-08,The Hangover,2009,https://boxd.it/1GjK,2
2025-06-08,The Wolf of Wall Street,2013,https://boxd.it/3C1m,4
2025-06-08,The Bucket List,2007,https://boxd.it/20Ye,2.5
2025-06-08,The Mummy,1999,https://boxd.it/2a7a,3
2025-06-08,Wonder Woman,2017,https://boxd.it/9roG,2
2025-06-08,Top Gun,1986,https://boxd.it/29JC,4
2025-06-08,John Wick: Chapter 2,2017,https://boxd.it/ayGu,3.5
2025-06-08,Kingsman: The Secret Service,2014,https://boxd.it/6dxe,4
2025-06-08,Prometheus,2012,https://boxd.it/2s9e,3
2025-06-08,Skyfall,2012,https://boxd.it/17Fc,4.5
2025-06-08,No Time to Die,2021,https://boxd.it/cPX2,3
2025-06-08,Casino Royale,2006,https://boxd.it/1alk,3.5
2025-06-08,Spectre,2015,https://boxd.it/6bXY,2.5
2025-06-08,Quantum of Solace,2008,https://boxd.it/1Vs8,2
2025-06-08,Dr. No,1962,https://boxd.it/29UU,3
2025-06-08,GoldenEye,1995,https://boxd.it/29KU,3
2025-06-08,From Russia with Love,1963,https://boxd.it/29T8,3.5
2025-06-08,On Her Majesty's Secret Service,1969,https://boxd.it/29Rm,3
2025-06-08,Moonraker,1979,https://boxd.it/29MQ,3
2025-06-08,Licence to Kill,1989,https://boxd.it/29L4,2.5
2025-06-08,Octopussy,1983,https://boxd.it/29Mw,2
2025-06-08,Star Wars: Episode III – Revenge of the Sith,2005,https://boxd.it/27US,4.5
2025-06-08,Star Wars: The Force Awakens,2015,https://boxd.it/4vru,3
2025-06-08,Return of the Jedi,1983,https://boxd.it/27Vm,4
2025-06-08,Star Wars: Episode I – The Phantom Menace,1999,https://boxd.it/27Vc,3.5
2025-06-08,Star Wars: Episode II – Attack of the Clones,2002,https://boxd.it/27V2,3
2025-06-08,Star Wars: The Last Jedi,2017,https://boxd.it/5xme,2
2025-06-08,Star Wars: The Rise of Skywalker,2019,https://boxd.it/5xlK,2
2025-06-08,Rogue One: A Star Wars Story,2016,https://boxd.it/aPvy,3.5
2025-06-08,Solo: A Star Wars Story,2018,https://boxd.it/bGWs,2.5
2025-06-08,Edge of Tomorrow,2014,https://boxd.it/4pD0,3.5
2025-06-08,Ralph Breaks the Internet,2018,https://boxd.it/edAy,2.5
2025-06-08,Mission: Impossible,1996,https://boxd.it/29d2,3.5
2025-06-08,Grown Ups,2010,https://boxd.it/169a,2
2025-06-08,The Matrix Reloaded,2003,https://boxd.it/2a1c,3
2025-06-08,Ice Age: The Meltdown,2006,https://boxd.it/2wRk,3
2025-06-08,X-Men: Apocalypse,2016,https://boxd.it/7eJi,1.5
2025-06-08,Furiosa: A Mad Max Saga,2024,https://boxd.it/tABk,2.5
2025-06-08,All Quiet on the Western Front,2022,https://boxd.it/H08,3
2025-06-08,We're the Millers,2013,https://boxd.it/4srQ,2
2025-06-08,Kingsman: The Golden Circle,2017,https://boxd.it/buJm,2.5
2025-06-08,John Wick: Chapter 4,2023,https://boxd.it/mh48,3.5
2025-06-08,Dirty Dancing,1987,https://boxd.it/2baY,3.5
2025-06-08,Dawn of the Planet of the Apes,2014,https://boxd.it/3XyQ,3
2025-06-08,22 Jump Street,2014,https://boxd.it/5Fvy,2
2025-06-08,Civil War,2024,https://boxd.it/z1jW,3.5
2025-06-08,Gladiator II,2024,https://boxd.it/kqQQ,2.5
2025-06-08,Shazam!,2019,https://boxd.it/8WBu,1.5
2025-06-08,Borat: Cultural Learnings of America for Make Benefit Glorious Nation of Kazakhstan,2006,https://boxd.it/2agQ,3.5
2025-06-08,Snowpiercer,2013,https://boxd.it/3Icg,3.5
2025-06-08,Back to the Future Part III,1990,https://boxd.it/2aTS,2
2025-06-08,Divergent,2014,https://boxd.it/4VT0,2
2025-06-08,The Fault in Our Stars,2014,https://boxd.it/6BQa,2.5
2025-06-08,The Boy and the Heron,2023,https://boxd.it/ipeM,3
2025-06-08,The Irishman,2019,https://boxd.it/dYOq,3.5
2025-06-08,Asteroid City,2023,https://boxd.it/s3ds,3.5
2025-06-08,Crazy Rich Asians,2018,https://boxd.it/gfnK,2
2025-06-08,John Wick: Chapter 3 – Parabellum,2019,https://boxd.it/gmFw,4
2025-06-08,I Am Legend,2007,https://boxd.it/21DG,3.5
2025-06-08,To All the Boys I've Loved Before,2018,https://boxd.it/gHec,2
2025-06-08,Aquaman,2018,https://boxd.it/9ru0,2.5
2025-06-08,"The French Dispatch of the Liberty, Kansas Evening Sun",2021,https://boxd.it/jLP8,4
2025-06-08,Annihilation,2018,https://boxd.it/9yzm,3
2025-06-08,World War Z,2013,https://boxd.it/2p2E,3
2025-06-08,Rise of the Planet of the Apes,2011,https://boxd.it/cS4,3.5
2025-06-08,Deadpool & Wolverine,2024,https://boxd.it/jq8s,3.5
2025-06-08,Man of Steel,2013,https://boxd.it/FRk,3.5
2025-06-08,The Polar Express,2004,https://boxd.it/23am,3.5
2025-06-08,The Terminator,1984,https://boxd.it/2aQY,2.5
2025-06-08,Inside Out 2,2024,https://boxd.it/CFrC,2
2025-06-08,The Greatest Showman,2017,https://boxd.it/acjI,3
2025-06-08,Jumanji,1995,https://boxd.it/1ZLI,3
2025-06-08,Free Guy,2021,https://boxd.it/k8dm,3.5
2025-06-08,Batman v Superman: Dawn of Justice,2016,https://boxd.it/6fBW,1
2025-06-08,Ted,2012,https://boxd.it/2pgc,2
2025-06-08,Wonka,2023,https://boxd.it/tCQm,2
2025-06-08,The Queen's Gambit,2020,https://boxd.it/s1Ym,4
2025-06-08,The Maze Runner,2014,https://boxd.it/5YPM,3.5
2025-06-08,"The Chronicles of Narnia: The Lion, the Witch and the Wardrobe",2005,https://boxd.it/2ark,4
2025-06-08,Ready Player One,2018,https://boxd.it/aZes,2
2025-06-08,Now You See Me,2013,https://boxd.it/2Bsu,3.5
2025-06-08,Men in Black,1997,https://boxd.it/2a0I,3.5
2025-06-08,Easy A,2010,https://boxd.it/17DK,3
2025-06-08,The Hateful Eight,2015,https://boxd.it/8gw8,4
2025-06-08,Madagascar,2005,https://boxd.it/29dc,2.5
2025-06-08,Bullet Train,2022,https://boxd.it/qW26,2.5
2025-06-08,Thor: Love and Thunder,2022,https://boxd.it/mMAY,1
2025-06-08,Bird Box,2018,https://boxd.it/eh1i,1
2025-06-08,Guardians of the Galaxy Vol. 3,2023,https://boxd.it/fVNI,4.5
2025-06-08,Venom,2018,https://boxd.it/b8wA,2
2025-06-08,Toy Story 4,2019,https://boxd.it/9ALu,3.5
2025-06-08,Zombieland,2009,https://boxd.it/1En6,2.5
2025-06-08,Ice Age,2002,https://boxd.it/2apS,3.5
2025-06-08,Shang-Chi and the Legend of the Ten Rings,2021,https://boxd.it/kLDI,3
2025-06-08,Finding Dory,2016,https://boxd.it/4aAA,2.5
2025-06-08,School of Rock,2003,https://boxd.it/28xK,4
2025-06-08,Avatar: The Way of Water,2022,https://boxd.it/2E2E,3.5
2025-06-08,Avatar,2009,https://boxd.it/1Efm,3.5
2025-06-08,Everest,2015,https://boxd.it/7r7Q,3
2025-06-08,Guardians of the Galaxy,2014,https://boxd.it/3VH2,4
2025-06-08,Guardians of the Galaxy Vol. 2,2017,https://boxd.it/8MxC,3.5
2025-06-08,Avengers: Infinity War,2018,https://boxd.it/9vEe,3.5
2025-06-08,Star Trek,2009,https://boxd.it/1Q6c,4
2025-06-08,Star Trek Into Darkness,2013,https://boxd.it/uYE,3.5
2025-06-08,Star Trek Beyond,2016,https://boxd.it/5Ik4,3
2025-06-08,The Gorge,2025,https://boxd.it/zRqK,2
2025-06-08,Chappie,2015,https://boxd.it/5Y3e,2.5
2025-06-08,The Adventures of Tintin,2011,https://boxd.it/1Irc,3.5
2025-06-09,Chinatown,1974,https://boxd.it/29vU,3.5
2025-06-09,Raising Arizona,1987,https://boxd.it/2avQ,2.5
2025-06-09,The Boy in the Striped Pyjamas,2008,https://boxd.it/1NOK,3.5
2025-06-09,Apocalypse Now,1979,https://boxd.it/6ZS,4
2025-06-09,Despicable Me 2,2013,https://boxd.it/3gg0,3
2025-06-09,Cloudy with a Chance of Meatballs,2009,https://boxd.it/1A40,3.5
2025-06-09,Isle of Dogs,2018,https://boxd.it/dZrW,3.5
2025-06-09,Indiana Jones and the Last Crusade,1989,https://boxd.it/2baO,4
2025-06-09,The Mask,1994,https://boxd.it/29rS,3
2025-06-09,Jumanji: Welcome to the Jungle,2017,https://boxd.it/bUeE,2
2025-06-09,A Bug's Life,1998,https://boxd.it/1Yyy,3
2025-06-09,Megamind,2010,https://boxd.it/16Sk,2.5
2025-06-09,X-Men: Days of Future Past,2014,https://boxd.it/4aRw,4
2025-06-09,Ant-Man and the Wasp,2018,https://boxd.it/cqUW,2
2025-06-09,Fantastic Beasts and Where to Find Them,2016,https://boxd.it/7FPC,3.5
2025-06-09,Kill Bill: Vol. 2,2004,https://boxd.it/2au4,4
2025-06-09,Jurassic World,2015,https://boxd.it/4n0g,3
2025-06-09,Clueless,1995,https://boxd.it/1Ygk,3.5
2025-06-09,The Great Gatsby,2013,https://boxd.it/JY,3.5
2025-06-09,Cars,2006,https://boxd.it/29ho,4
2025-06-09,Thor: The Dark World,2013,https://boxd.it/2DqA,3.5
2025-06-09,John Wick,2014,https://boxd.it/7dEc,4
2025-06-09,Doctor Strange in the Multiverse of Madness,2022,https://boxd.it/gaTc,4
2025-06-09,Logan,2017,https://boxd.it/7Piy,2.5
2025-06-09,Glass Onion,2022,https://boxd.it/oCkK,3
2025-06-09,Deadpool 2,2018,https://boxd.it/dlLM,3.5
2025-06-09,No Country for Old Men,2007,https://boxd.it/21ew,4.5
2025-06-09,Charlie and the Chocolate Factory,2005,https://boxd.it/2b68,3
2025-06-09,Don't Look Up,2021,https://boxd.it/o0Hc,3.5
2025-06-09,Iron Man 3,2013,https://boxd.it/2cBQ,2.5
2025-06-09,Iron Man 2,2010,https://boxd.it/1WZM,3.5
2025-06-09,Thor,2011,https://boxd.it/1WQU,3.5
2025-06-09,The Martian,2015,https://boxd.it/8SeG,3.5
2025-06-09,Ant-Man,2015,https://boxd.it/3vmW,2.5
2025-06-09,Captain America: The First Avenger,2011,https://boxd.it/28b0,3.5
2025-06-09,The Batman,2022,https://boxd.it/eDGs,3.5
2025-06-09,Se7en,1995,https://boxd.it/29zs,4
2025-06-09,Doctor Strange,2016,https://boxd.it/8MH8,4
2025-06-09,Thor: Ragnarok,2017,https://boxd.it/8MHi,3.5
2025-06-09,Deadpool,2016,https://boxd.it/9fOC,3.5
2025-06-09,Black Panther: Wakanda Forever,2022,https://boxd.it/igPu,2
2025-06-09,Zootopia,2016,https://boxd.it/84xS,3.5
2025-06-09,The Suicide Squad,2021,https://boxd.it/fw6O,2
2025-06-09,My Neighbor Totoro,1988,https://boxd.it/20eA,4.5
2025-06-09,The Imitation Game,2014,https://boxd.it/6aig,4
2025-06-09,13 Hours: The Secret Soldiers of Benghazi,2016,https://boxd.it/9yzQ,4
2025-06-09,The Hitchhiker's Guide to the Galaxy,2005,https://boxd.it/20VE,4
2025-06-09,27 Dresses,2008,https://boxd.it/21x4,2
2025-06-09,300,2006,https://boxd.it/28XI,3.5
2025-06-09,65,2023,https://boxd.it/qbus,1.5
2025-06-09,6 Underground,2019,https://boxd.it/irU6,3
2025-06-09,The Accountant,2016,https://boxd.it/9EhI,3
2025-06-09,Ad Astra,2019,https://boxd.it/ePzI,2.5
2025-06-09,Spies in Disguise,2019,https://boxd.it/fjf4,2
2025-06-09,Dirty Grandpa,2016,https://boxd.it/99pG,2
2025-06-09,The Last Airbender,2010,https://boxd.it/1WQK,1
2025-06-09,Fantastic Four,2015,https://boxd.it/5a9c,2
2025-06-09,The Kissing Booth 2,2020,https://boxd.it/lrky,0.5
2025-06-09,The Kissing Booth,2018,https://boxd.it/geR0,1
2025-06-09,Spy Kids: All the Time in the World,2011,https://boxd.it/ptm,2.5
2025-06-09,The Perfect Date,2019,https://boxd.it/jP9A,1.5
2025-06-09,Joe Dirt 2: Beautiful Loser,2015,https://boxd.it/b8uE,0.5
2025-06-09,The Mummy,2017,https://boxd.it/8HnW,3
2025-06-09,2012 Doomsday,2008,https://boxd.it/1Kt0,1
2025-06-09,Transformers: The Last Knight,2017,https://boxd.it/b8xo,2
2025-06-09,Meg 2: The Trench,2023,https://boxd.it/mLvo,1.5
2025-06-09,Wonder Woman 1984,2020,https://boxd.it/gBtA,2
2025-06-09,Inspector Gadget,1999,https://boxd.it/2azy,2.5
2025-06-09,Geostorm,2017,https://boxd.it/8lC6,1.5
2025-06-09,Allegiant,2016,https://boxd.it/7NNE,0.5
2025-06-09,Dolittle,2020,https://boxd.it/fXEy,0.5
2025-06-09,Hot Tub Time Machine 2,2015,https://boxd.it/7anM,1.5
2025-06-09,Home Alone 3,1997,https://boxd.it/1XZ4,1.5
2025-06-09,Transformers: Age of Extinction,2014,https://boxd.it/3d1m,3
2025-06-09,Red Dawn,2012,https://boxd.it/fhq,1.5
2025-06-09,Battleship,2012,https://boxd.it/QZ0,2
2025-06-09,Men in Black: International,2019,https://boxd.it/hdJw,2.5
2025-06-09,Zoolander 2,2016,https://boxd.it/aNBE,3
2025-06-09,G.I. Joe: Retaliation,2013,https://boxd.it/2o6A,1.5
2025-06-09,Jurassic World Dominion,2022,https://boxd.it/ikXW,2.5
2025-06-09,Baywatch,2017,https://boxd.it/biG6,3
2025-06-09,The Great Wall,2016,https://boxd.it/a04c,2.5
2025-06-09,Bright,2017,https://boxd.it/e1H8,3.5
2025-06-09,Cowboys & Aliens,2011,https://boxd.it/F2G,3
2025-06-09,RoboCop,2014,https://boxd.it/3m4k,1
2025-06-09,F9,2021,https://boxd.it/dqsU,2
2025-06-09,Battle: Los Angeles,2011,https://boxd.it/QIS,2
2025-06-09,The Meg,2018,https://boxd.it/bAL4,1.5
2025-06-09,A Million Ways to Die in the West,2014,https://boxd.it/5H9k,2.5
2025-06-09,Ewoks: The Battle for Endor,1985,https://boxd.it/1WqC,1
2025-06-09,Spenser Confidential,2020,https://boxd.it/log4,2
2025-06-09,X-Men Origins: Wolverine,2009,https://boxd.it/27ug,2.5
2025-06-09,San Andreas,2015,https://boxd.it/7sUa,2.5
2025-06-09,The Midnight Sky,2020,https://boxd.it/mK6C,3
2025-06-09,Murder Mystery 2,2023,https://boxd.it/nHOo,2
2025-06-09,Project Power,2020,https://boxd.it/ml8S,3
2025-06-09,The Boss Baby,2017,https://boxd.it/9mfO,2
2025-06-09,Transformers: Revenge of the Fallen,2009,https://boxd.it/20gG,3
2025-06-09,Fantastic Beasts: The Secrets of Dumbledore,2022,https://boxd.it/bg8Q,3.5
2025-06-09,The DUFF,2015,https://boxd.it/8eP8,1
2025-06-09,Battle for the Planet of the Apes,1973,https://boxd.it/28gu,2.5
2025-06-09,The Thing,1982,https://boxd.it/294O,3.5
2025-06-09,Nausicaä of the Valley of the Wind,1984,https://boxd.it/2bc6,3
2025-06-09,Star Wars,1977,https://boxd.it/72s,4
2025-06-09,Klaus,2019,https://boxd.it/ipoi,4.5
2025-06-09,A Complete Unknown,2024,https://boxd.it/oBYa,4
2025-06-09,Moneyball,2011,https://boxd.it/glS,3.5
2025-06-09,Fury,2014,https://boxd.it/6JwC,4
2025-06-09,Ocean's Twelve,2004,https://boxd.it/2aZ2,3.5
2025-06-09,Troy,2004,https://boxd.it/29TW,3.5
2025-06-09,The Lost City,2022,https://boxd.it/sg0Q,2
2025-06-09,Ocean's Thirteen,2007,https://boxd.it/2aEy,3.5
2025-06-09,Wolfs,2024,https://boxd.it/x6zG,2.5
2025-06-09,Seven Years in Tibet,1997,https://boxd.it/29aC,3
2025-06-09,A River Runs Through It,1992,https://boxd.it/2aFm,4.5
2025-06-09,Spy Game,2001,https://boxd.it/28Fk,3.5
2025-06-09,War Machine,2017,https://boxd.it/bX6S,3
2025-06-09,The Walk,2015,https://boxd.it/8Rao,3.5
2025-06-09,Finch,2021,https://boxd.it/iXBq,2.5
2025-06-09,Knox Goes Away,2023,https://boxd.it/AJsA,2.5
2025-06-10,Extraction,2020,https://boxd.it/jUjA,3.5
2025-06-10,The Old Guard,2020,https://boxd.it/jY2e,2.5
2025-06-10,Greenland,2020,https://boxd.it/j1Um,3.5
2025-06-10,The Brutalist,2024,https://boxd.it/k4BO,3.5
2025-06-10,The Fall Guy,2024,https://boxd.it/s0Bm,2.5
2025-06-10,Carry-On,2024,https://boxd.it/C0B2,3
2025-06-10,Kingdom of the Planet of the Apes,2024,https://boxd.it/ohEE,3.5
2025-06-10,Wallace & Gromit: Vengeance Most Fowl,2024,https://boxd.it/z14C,2.5
2025-06-10,Saturday Night,2024,https://boxd.it/Gpfo,3
2025-06-10,Argylle,2024,https://boxd.it/w1kk,2
2025-06-10,The Beekeeper,2024,https://boxd.it/wJzS,2.5
2025-06-10,Rebel Ridge,2024,https://boxd.it/nZum,3.5
2025-06-10,Ghostbusters: Frozen Empire,2024,https://boxd.it/AxYu,2.5
2025-06-10,The Ministry of Ungentlemanly Warfare,2024,https://boxd.it/u5zu,3
2025-06-10,Uglies,2024,https://boxd.it/sUKu,1
2025-06-10,Land of Bad,2024,https://boxd.it/ACqW,3.5
2025-06-10,Arthur the King,2024,https://boxd.it/mSJ8,3.5
2025-06-10,Elevation,2024,https://boxd.it/D9Li,2.5
2025-06-10,Code 8 Part II,2024,https://boxd.it/z8Yi,2
2025-06-10,Slingshot,2024,https://boxd.it/ywew,2
2025-06-10,The Killer,2023,https://boxd.it/u6WE,3
2025-06-10,Mission: Impossible – Dead Reckoning,2023,https://boxd.it/l7zS,3.5
2025-06-10,Ant-Man and the Wasp: Quantumania,2023,https://boxd.it/nL2y,2
2025-06-10,Hit Man,2023,https://boxd.it/ANB2,2
2025-06-10,Dungeons & Dragons: Honor Among Thieves,2023,https://boxd.it/hN1A,2
2025-06-10,The Wonderful Story of Henry Sugar,2023,https://boxd.it/yNyo,4
2025-06-10,Indiana Jones and the Dial of Destiny,2023,https://boxd.it/b8vM,2.5
2025-06-10,Fast X,2023,https://boxd.it/drIu,2.5
2025-06-10,Transformers: Rise of the Beasts,2023,https://boxd.it/oQTa,2.5
2025-06-10,Aquaman and the Lost Kingdom,2023,https://boxd.it/l1LS,2
2025-06-10,Tetris,2023,https://boxd.it/rePK,3
2025-06-10,Guy Ritchie's The Covenant,2023,https://boxd.it/xjcK,3.5
2025-06-10,Rebel Moon – Part One: A Child of Fire,2023,https://boxd.it/w0qc,3
2025-06-10,Extraction 2,2023,https://boxd.it/q4Zo,3
2025-06-10,The Equalizer 3,2023,https://boxd.it/yU54,3.5
2025-06-10,Operation Fortune: Ruse de Guerre,2023,https://boxd.it/rJXA,1.5
2025-06-10,The Boys in the Boat,2023,https://boxd.it/v1OC,3.5
2025-06-10,Bird Box Barcelona,2023,https://boxd.it/ujzS,2
2025-06-10,I.S.S.,2023,https://boxd.it/tJKq,3
2025-06-11,The King of Staten Island,2020,https://boxd.it/litG,2.5
2025-06-11,Spider-Man: Far From Home,2019,https://boxd.it/fegG,3.5
2025-06-11,The Gentlemen,2019,https://boxd.it/iYBQ,3
2025-06-11,Pokémon Detective Pikachu,2019,https://boxd.it/fVA0,2
2025-06-11,Zombieland: Double Tap,2019,https://boxd.it/bgb6,2
2025-06-11,Jumanji: The Next Level,2019,https://boxd.it/ixu4,1.5
2025-06-11,Alita: Battle Angel,2019,https://boxd.it/e0rS,4
2025-06-11,Murder Mystery,2019,https://boxd.it/iEBm,2.5
2025-06-11,Fast & Furious Presents: Hobbs & Shaw,2019,https://boxd.it/dnDA,3
2025-06-11,Where the Crawdads Sing,2022,https://boxd.it/psLS,3.5
2025-06-11,Triple Frontier,2019,https://boxd.it/dZUO,3.5
2025-06-11,Hellboy,2019,https://boxd.it/gjaA,2
2025-06-11,The Highwaymen,2019,https://boxd.it/i4ie,3
2025-06-11,Midway,2019,https://boxd.it/iX4w,3.5
2025-06-11,Angel Has Fallen,2019,https://boxd.it/eYfC,3
2025-06-11,The Prodigy,2019,https://boxd.it/jnzg,3
2025-06-11,The Outpost,2019,https://boxd.it/jlxW,2.5
2025-06-11,Black Panther,2018,https://boxd.it/8MHs,3
2025-06-11,Game Night,2018,https://boxd.it/fRtu,3
2025-06-11,Fantastic Beasts: The Crimes of Grindelwald,2018,https://boxd.it/bg8G,3
2025-06-11,Bad Times at the El Royale,2018,https://boxd.it/fSA2,3
2025-06-11,Upgrade,2018,https://boxd.it/i4gW,2
2025-06-11,Tag,2018,https://boxd.it/gh7Y,2.5
2025-06-11,The Equalizer 2,2018,https://boxd.it/bAEW,3.5
2025-06-11,Overlord,2018,https://boxd.it/fAwm,3
2025-06-11,The Mule,2018,https://boxd.it/idcY,3
2025-06-11,Sicario: Day of the Soldado,2018,https://boxd.it/e4fG,3.5
2025-06-11,Den of Thieves,2018,https://boxd.it/g17e,2.5
2025-06-11,Skyscraper,2018,https://boxd.it/fVqa,1.5
2025-06-11,The Christmas Chronicles,2018,https://boxd.it/ja7e,3
2025-06-11,Mortal Engines,2018,https://boxd.it/fahg,3.5
2025-06-11,12 Strong,2018,https://boxd.it/fdnc,3
2025-06-11,Baby Driver,2017,https://boxd.it/bhF2,3
2025-06-11,War for the Planet of the Apes,2017,https://boxd.it/8FE2,3.5
2025-06-11,Murder on the Orient Express,2017,https://boxd.it/dHjA,3.5
2025-06-11,Kong: Skull Island,2017,https://boxd.it/9ewM,1.5
2025-06-11,Darkest Hour,2017,https://boxd.it/dZZa,4
2025-06-11,Valerian and the City of a Thousand Planets,2017,https://boxd.it/biYY,1.5
2025-06-11,American Made,2017,https://boxd.it/bb66,3.5
2025-06-11,King Arthur: Legend of the Sword,2017,https://boxd.it/8lDS,2.5
2025-06-11,American Assassin,2017,https://boxd.it/eFLE,3
2025-06-11,Only the Brave,2017,https://boxd.it/dRqw,4
2025-06-11,The Wall,2017,https://boxd.it/eh1s,3
2025-06-11,Sand Castle,2017,https://boxd.it/dCo6,2
2025-06-11,Now You See Me 2,2016,https://boxd.it/99fw,3
2025-06-11,Passengers,2016,https://boxd.it/8lFu,3.5
2025-06-11,War Dogs,2016,https://boxd.it/9SlO,3.5
2025-06-11,Hell or High Water,2016,https://boxd.it/bfGM,4
2025-06-11,The Founder,2016,https://boxd.it/9XwM,3
2025-06-11,Everybody Wants Some!!,2016,https://boxd.it/9mgM,4
2025-06-11,Central Intelligence,2016,https://boxd.it/9DFE,2
2025-06-11,The Magnificent Seven,2016,https://boxd.it/aZAy,4
2025-06-11,Jack Reacher: Never Go Back,2016,https://boxd.it/buAY,3
2025-06-11,London Has Fallen,2016,https://boxd.it/814o,3.5
2025-06-11,The Finest Hours,2016,https://boxd.it/9yAa,3
2025-06-11,Billy Lynn's Long Halftime Walk,2016,https://boxd.it/9g2Y,2.5
2025-06-11,Avengers: Age of Ultron,2015,https://boxd.it/3qi6,3
2025-06-11,Mission: Impossible – Rogue Nation,2015,https://boxd.it/5rI4,3.5
2025-06-11,Pitch Perfect 2,2015,https://boxd.it/7tNa,1
2025-06-11,The Man from U.N.C.L.E.,2015,https://boxd.it/67lG,2.5
2025-06-11,Straight Outta Compton,2015,https://boxd.it/8rMc,3.5
2025-06-11,Eddie the Eagle,2015,https://boxd.it/amAY,3.5
2025-06-11,The Ridiculous 6,2015,https://boxd.it/bFXk,3
2025-06-11,"McFarland, USA",2015,https://boxd.it/6JCq,3
2025-06-11,Eye in the Sky,2015,https://boxd.it/aZg4,3.5
2025-06-11,Point Break,2015,https://boxd.it/7Ax4,3.5
2025-06-11,Wet Hot American Summer: First Day of Camp,2015,https://boxd.it/fX8W,3.5
2025-06-11,American Sniper,2014,https://boxd.it/5LDy,4
2025-06-11,The Interview,2014,https://boxd.it/6KQ4,4
2025-06-11,The Equalizer,2014,https://boxd.it/4TUK,4
2025-06-11,Neighbors,2014,https://boxd.it/5Txe,2
2025-06-11,Force Majeure,2014,https://boxd.it/7UcA,2
2025-06-11,Unbroken,2014,https://boxd.it/6IaA,3
2025-06-11,The Monuments Men,2014,https://boxd.it/4OxQ,3.5
2025-06-11,Taken 3,2014,https://boxd.it/7Iqq,3
2025-06-11,Jack Ryan: Shadow Recruit,2014,https://boxd.it/4pFq,3.5
2025-06-11,Pacific Rim,2013,https://boxd.it/2cB2,3.5
2025-06-11,The Wolverine,2013,https://boxd.it/2CWU,3.5
2025-06-11,Oblivion,2013,https://boxd.it/2Bzq,3.5
2025-06-11,Ender's Game,2013,https://boxd.it/2N9Y,3
2025-06-11,After Earth,2013,https://boxd.it/2TSg,2
2025-06-11,Olympus Has Fallen,2013,https://boxd.it/3TMY,3.5
2025-06-11,White House Down,2013,https://boxd.it/3TOg,3.5
2025-06-11,Lone Survivor,2013,https://boxd.it/5Qj4,4
2025-06-11,RED 2,2013,https://boxd.it/4E4E,3.5
2025-06-11,Wreck-It Ralph,2012,https://boxd.it/2TTS,3.5
2025-06-11,Looper,2012,https://boxd.it/ham,3
2025-06-11,Chronicle,2012,https://boxd.it/2Emk,3
2025-06-11,The Dictator,2012,https://boxd.it/2DEW,3
2025-06-11,Zero Dark Thirty,2012,https://boxd.it/3n1w,3.5
2025-06-11,John Carter,2012,https://boxd.it/FQ2,2
2025-06-11,The Girl with the Dragon Tattoo,2011,https://boxd.it/2Pa,3.5
2025-06-11,Mission: Impossible – Ghost Protocol,2011,https://boxd.it/psI,4
2025-06-11,Hugo,2011,https://boxd.it/R08,3.5
2025-06-11,Limitless,2011,https://boxd.it/Aly,3
2025-06-11,Sherlock Holmes: A Game of Shadows,2011,https://boxd.it/k3S,2.5
2025-06-11,Transformers: Dark of the Moon,2011,https://boxd.it/16aC,2
2025-06-11,Real Steel,2011,https://boxd.it/147m,3
2025-06-11,Tinker Tailor Soldier Spy,2011,https://boxd.it/FRY,3
2025-06-11,We Bought a Zoo,2011,https://boxd.it/2AU8,2.5
2025-06-11,Soul Surfer,2011,https://boxd.it/T9G,3.5
2025-06-11,TRON: Legacy,2010,https://boxd.it/1Dlo,2
2025-06-11,The Other Guys,2010,https://boxd.it/1rtq,2.5
2025-06-11,RED,2010,https://boxd.it/13uu,4
2025-06-11,Secretariat,2010,https://boxd.it/13yG,3.5
2025-06-11,Up,2009,https://boxd.it/1OEc,4
2025-06-11,District 9,2009,https://boxd.it/1Iik,3.5
2025-06-11,Sherlock Holmes,2009,https://boxd.it/1W2A,3
2025-06-11,The Blind Side,2009,https://boxd.it/1zWg,2
2025-06-11,A Christmas Carol,2009,https://boxd.it/1HKW,3
2025-06-11,The Girl with the Dragon Tattoo,2009,https://boxd.it/1Mb8,3
2025-06-11,G.I. Joe: The Rise of Cobra,2009,https://boxd.it/1Ndu,1
2025-06-11,Iron Man,2008,https://boxd.it/28dA,3.5
2025-06-11,Tropic Thunder,2008,https://boxd.it/20WM,3
2025-06-11,Forgetting Sarah Marshall,2008,https://boxd.it/1XEq,3
2025-06-11,Hancock,2008,https://boxd.it/1Zv6,4
2025-06-11,Camp Rock,2008,https://boxd.it/1PHw,2
2025-06-11,Jumper,2008,https://boxd.it/20ss,3.5
2025-06-11,The Darjeeling Limited,2007,https://boxd.it/24as,3
2025-06-11,Transformers,2007,https://boxd.it/280c,3.5
2025-06-11,Surf's Up,2007,https://boxd.it/1YKY,3.5
2025-06-11,Hot Rod,2007,https://boxd.it/1X9C,3.5
2025-06-11,Blades of Glory,2007,https://boxd.it/1Xrm,3.5
2025-06-11,Evan Almighty,2007,https://boxd.it/26s4,3
2025-06-11,The Game Plan,2007,https://boxd.it/1PDY,2
2025-06-11,Click,2006,https://boxd.it/1YVM,3
2025-06-11,Talladega Nights: The Ballad of Ricky Bobby,2006,https://boxd.it/1XYq,3.5
2025-06-11,Batman Begins,2005,https://boxd.it/2aIg,3
2025-06-11,Fantastic Four,2005,https://boxd.it/1XVw,3
2025-06-11,Robots,2005,https://boxd.it/1Xve,3.5
2025-06-11,Jarhead,2005,https://boxd.it/70m,3.5
2025-06-11,Sky High,2005,https://boxd.it/1TNI,4
2025-06-11,Anchorman: The Legend of Ron Burgundy,2004,https://boxd.it/1ZVo,3.5
2025-06-11,The Aviator,2004,https://boxd.it/26BU,2.5
2025-06-11,The Day After Tomorrow,2004,https://boxd.it/2aog,1.5
2025-06-11,"I, Robot",2004,https://boxd.it/27y8,2.5
2025-06-11,DodgeBall: A True Underdog Story,2004,https://boxd.it/1YAY,4
2025-06-11,The Manchurian Candidate,2004,https://boxd.it/1O2M,3.5
2025-06-11,Miracle,2004,https://boxd.it/1OmM,4
2025-06-11,Finding Nemo,2003,https://boxd.it/72i,3.5
2025-06-11,Bruce Almighty,2003,https://boxd.it/2aCC,3.5
2025-06-11,Brother Bear,2003,https://boxd.it/1Xjs,3.5
2025-06-11,Cheaper by the Dozen,2003,https://boxd.it/1USa,3
2025-06-11,Tears of the Sun,2003,https://boxd.it/1YlY,3
2025-06-11,Spider-Man,2002,https://boxd.it/2a8i,3.5
2025-06-11,Austin Powers in Goldmember,2002,https://boxd.it/29xG,2
2025-06-11,John Q,2002,https://boxd.it/205S,3.5
2025-06-11,We Were Soldiers,2002,https://boxd.it/1VSA,3.5
2025-06-11,The Sum of All Fears,2002,https://boxd.it/242I,3.5
2025-06-11,Home Alone 4,2002,https://boxd.it/1RLA,0.5
2025-06-11,Pearl Harbor,2001,https://boxd.it/29Q4,3.5
2025-06-11,Black Hawk Down,2001,https://boxd.it/29rI,3.5
2025-06-11,Enemy at the Gates,2001,https://boxd.it/29s2,2
2025-06-11,Joe Dirt,2001,https://boxd.it/1UZ6,0.5
2025-06-11,Behind Enemy Lines,2001,https://boxd.it/20GY,2
2025-06-11,Best in Show,2000,https://boxd.it/1Pqq,3.5
2025-06-11,U-571,2000,https://boxd.it/25gm,3.5
2025-06-11,American Pie,1999,https://boxd.it/27qy,3
2025-06-11,Austin Powers: The Spy Who Shagged Me,1999,https://boxd.it/29xQ,3
2025-06-11,Three Kings,1999,https://boxd.it/21IG,3.5
2025-06-11,Dick,1999,https://boxd.it/1KaC,4
2025-06-11,Armageddon,1998,https://boxd.it/2b9Q,3.5
2025-06-11,The Waterboy,1998,https://boxd.it/1VHi,2
2025-06-11,Boogie Nights,1997,https://boxd.it/23um,4
2025-06-11,Air Force One,1997,https://boxd.it/1XQw,2.5
2025-06-11,Twister,1996,https://boxd.it/29S0,2.5
2025-06-11,Happy Gilmore,1996,https://boxd.it/1Yey,3.5
2025-06-11,Dumb and Dumber,1994,https://boxd.it/206m,1.5
2025-06-11,The Santa Clause,1994,https://boxd.it/1TWK,2
2025-06-11,Ri¢hie Ri¢h,1994,https://boxd.it/1URw,3
2025-06-11,Tombstone,1993,https://boxd.it/1SE6,4.5
2025-06-11,Cool Runnings,1993,https://boxd.it/29qg,3
2025-06-11,Wayne's World 2,1993,https://boxd.it/1ZHw,3
2025-06-11,Rookie of the Year,1993,https://boxd.it/2lyG,3.5
2025-06-11,Wayne's World,1992,https://boxd.it/1ZHG,3.5
2025-06-11,Patriot Games,1992,https://boxd.it/1XEA,3.5
2025-06-11,Billy Madison,1995,https://boxd.it/1UQI,2.5
2025-06-11,Waterworld,1995,https://boxd.it/1XLG,3.5
2025-06-11,The Hunt for Red October,1990,https://boxd.it/28lk,3
2025-06-11,Castle in the Sky,1986,https://boxd.it/1W4G,3.5
2025-06-11,Platoon,1986,https://boxd.it/29BS,3.5
2025-06-11,Red Dawn,1984,https://boxd.it/27X8,2.5
2025-06-11,Tron,1982,https://boxd.it/2b9w,3.5
2025-06-11,Caddyshack,1980,https://boxd.it/1SCO,3.5
2025-06-11,Smokey and the Bandit,1977,https://boxd.it/1USk,3
2025-06-11,Patton,1970,https://boxd.it/1UnQ,3
2025-06-11,The Dirty Dozen,1967,https://boxd.it/28nK,3.5
2025-06-11,Venom: Let There Be Carnage,2021,https://boxd.it/llco,2.5
2025-06-11,True Grit,2010,https://boxd.it/Sog,3.5
2025-06-11,The Tomorrow War,2021,https://boxd.it/lE78,3.5
2025-06-11,The Accountant²,2025,https://boxd.it/wOm0,2
2025-06-11,Avengers: Endgame,2019,https://boxd.it/9vE4,3.5
2025-06-11,Collateral,2004,https://boxd.it/28F0,3.5
2025-06-11,Ghosted,2023,https://boxd.it/wL1e,2
2025-06-11,Black Bag,2025,https://boxd.it/KRbM,2.5
2025-06-11,The Dark Knight Rises,2012,https://boxd.it/H3m,3.5
2025-06-11,Downsizing,2017,https://boxd.it/9Ajq,2
2025-06-11,Death on the Nile,2022,https://boxd.it/ifpg,2
2025-06-11,A Working Man,2025,https://boxd.it/Jpmq,1.5
2025-06-11,Wrath of Man,2021,https://boxd.it/nEia,2.5
2025-06-11,Crank,2006,https://boxd.it/27MY,3.5
2025-06-12,Shutter Island,2010,https://boxd.it/1U82,4.5
2025-06-12,Mulholland Drive,2001,https://boxd.it/297o,4
2025-06-12,Interstellar,2014,https://boxd.it/4VZ8,4
2025-06-13,The Straight Story,1999,https://boxd.it/2ass,4
2025-06-13,Wind River,2017,https://boxd.it/dR3i,3.5
2025-06-16,Colossal,2016,https://boxd.it/biZi,3
2025-06-16,Uncharted,2022,https://boxd.it/b5Dy,3.5
2025-06-16,The Impossible,2012,https://boxd.it/2N9k,3
2025-06-16,The Princess Diaries,2001,https://boxd.it/1XCO,3
2025-06-17,Plane,2023,https://boxd.it/o0lq,3
2025-06-18,The Men Who Stare at Goats,2009,https://boxd.it/1Wza,2.5
2025-06-19,Rear Window,1954,https://boxd.it/2a6Q,3.5
2025-06-22,The Zookeeper's Wife,2017,https://boxd.it/91Kc,3.5
2025-06-22,The Catcher Was a Spy,2018,https://boxd.it/gLdC,2.5
2025-06-22,Disturbia,2007,https://boxd.it/20rk,3
2025-06-22,Blood Diamond,2006,https://boxd.it/28Tm,3.5
2025-07-02,Thunderbolts*,2025,https://boxd.it/BfbQ,3.5
2025-07-02,Sinners,2025,https://boxd.it/KQMM,4
2025-07-05,The Phoenician Scheme,2025,https://boxd.it/H0Ca,3
2025-07-05,Fantastic Mr. Fox,2009,https://boxd.it/1WyQ,4
2025-07-07,The Last of Sheila,1973,https://boxd.it/1u5G,4
2025-07-08,Poison,2023,https://boxd.it/Is7Q,3
2025-07-08,The Wonderful Story of Henry Sugar and Three More,2024,https://boxd.it/LYEy,3.5
2025-07-08,Warfare,2025,https://boxd.it/LbRo,4
2025-07-08,Cop Land,1997,https://boxd.it/27ly,3.5
2025-07-08,The Fabelmans,2022,https://boxd.it/ugoM,2.5
2025-07-10,The Perfect Storm,2000,https://boxd.it/27n0,2
2025-07-11,Ballerina,2025,https://boxd.it/jKqG,3
2025-07-12,The Right Stuff,1983,https://boxd.it/1YoS,3.5
2025-07-13,Murder by Death,1976,https://boxd.it/228k,2.5
2025-07-13,Blow,2001,https://boxd.it/24Mm,3.5
2025-07-13,Strange Brew,1983,https://boxd.it/1R3S,4
2025-07-13,Snatch,2000,https://boxd.it/2b7U,3.5
2025-07-13,Mr. & Mrs. Smith,2005,https://boxd.it/29CG,3.5
2025-07-14,Spotlight,2015,https://boxd.it/a84k,4.5
2025-07-14,Twisters,2024,https://boxd.it/qV7a,3
2025-07-14,The Fugitive,1993,https://boxd.it/230G,3.5
2025-07-15,Flight Risk,2025,https://boxd.it/GzHW,2
2025-07-15,Fountain of Youth,2025,https://boxd.it/Fwx8,2.5
2025-07-15,Bumblebee,2018,https://boxd.it/f21O,3
2025-07-15,The Great Outdoors,1988,https://boxd.it/26yw,3
2025-07-15,Memento,2000,https://boxd.it/2bcK,4.5
2025-07-18,Tenet,2020,https://boxd.it/leq4,2.5
2025-07-18,Road House,2024,https://boxd.it/cdzQ,3
2025-07-20,Enemy,2013,https://boxd.it/5xtO,2
2025-07-20,Almost Famous,2000,https://boxd.it/29CQ,4.5
2025-07-21,Dave,1993,https://boxd.it/1Txq,3.5
2025-07-21,Punch-Drunk Love,2002,https://boxd.it/20E4,3
2025-07-22,Dead Poets Society,1989,https://boxd.it/2aSg,4
2025-07-23,The Devil Wears Prada,2006,https://boxd.it/2awE,3.5
2025-07-24,Chernobyl,2019,https://boxd.it/mkbG,4
2025-07-26,Rain Man,1988,https://boxd.it/2avw,3
2025-07-26,Happy Gilmore 2,2025,https://boxd.it/M8PQ,3.5
2025-07-28,Lords of Dogtown,2005,https://boxd.it/1XOg,3.5
2025-07-28,Brokeback Mountain,2005,https://boxd.it/2b2q,4.5
2025-07-28,The Patriot,2000,https://boxd.it/27Bw,4
2025-07-29,Stand by Me,1986,https://boxd.it/2aOe,3.5
2025-08-02,Ford v Ferrari,2019,https://boxd.it/ce74,4
2025-08-02,A League of Their Own,1992,https://boxd.it/1UdG,3
2025-08-02,Jerry Maguire,1996,https://boxd.it/1YNS,3
2025-08-04,Dog Day Afternoon,1975,https://boxd.it/29bg,2.5
2025-08-04,Risky Business,1983,https://boxd.it/1YUE,3
2025-08-05,Dark Waters,2019,https://boxd.it/kaYu,4
2025-08-06,Jurassic World Rebirth,2025,https://boxd.it/KUeE,2
2025-08-07,Gangs of New York,2002,https://boxd.it/25FG,3.5
2025-08-08,Erin Brockovich,2000,https://boxd.it/2al2,3.5
2025-08-10,Zodiac,2007,https://boxd.it/27MO,4
2025-08-10,The Game,1997,https://boxd.it/26vC,4
2025-08-11,The Constant Gardener,2005,https://boxd.it/27HE,3.5
2025-08-20,Superman,2025,https://boxd.it/E9IU,3.5
2025-08-20,The Greatest Game Ever Played,2005,https://boxd.it/1M8I,3.5
2025-08-22,Megan Leavey,2017,https://boxd.it/f1qy,3.5
2025-08-22,The Guns of Navarone,1961,https://boxd.it/1V62,4
2025-08-24,Chasing Mavericks,2012,https://boxd.it/2TUQ,4
2025-08-24,Spaceballs,1987,https://boxd.it/29cy,2.5
2025-08-25,Mission: Impossible – The Final Reckoning,2025,https://boxd.it/l7A2,3.5
2025-08-28,F1,2025,https://boxd.it/yjVM,3.5
2025-09-03,Lucy,2014,https://boxd.it/75hu,2.5
2025-09-03,The Professor and the Madman,2019,https://boxd.it/evTI,3
2025-09-07,The Curious Case of Benjamin Button,2008,https://boxd.it/23Fk,3.5
2025-09-08,The Thursday Murder Club,2025,https://boxd.it/rXju,1.5
2025-09-10,Catch-22,1970,https://boxd.it/1WrK,2.5
2025-09-10,Phenomenon,1996,https://boxd.it/1Z2I,3
2025-09-10,The Narrow Road to the Deep North,2025,https://boxd.it/Un0E,4.5
2025-09-11,The Iron Claw,2023,https://boxd.it/w5Pm,4
2025-09-11,Sicario,2015,https://boxd.it/8i7u,4.5
2025-09-14,To Catch a Thief,1955,https://boxd.it/2avm,3
2025-09-14,12 Angry Men,1957,https://boxd.it/2auI,4.5
2025-09-15,Harry Potter and the Philosopher's Stone,2001,https://boxd.it/29QS,3
2025-09-16,Harry Potter and the Chamber of Secrets,2002,https://boxd.it/29QI,2.5
2025-09-16,Harry Potter and the Prisoner of Azkaban,2004,https://boxd.it/29Qy,3.5
2025-09-16,Harry Potter and the Goblet of Fire,2005,https://boxd.it/29Qo,3.5
2025-09-17,Harry Potter and the Order of the Phoenix,2007,https://boxd.it/29Qe,3.5
2025-09-17,Harry Potter and the Half-Blood Prince,2009,https://boxd.it/29FU,3.5
2025-09-18,Harry Potter and the Deathly Hallows: Part 1,2010,https://boxd.it/1RYu,2.5
2025-09-18,Harry Potter and the Deathly Hallows: Part 2,2011,https://boxd.it/1RYk,4
2025-09-21,Rudy,1993,https://boxd.it/1NUe,3.5
2025-09-22,Greater,2016,https://boxd.it/dcuM,2.5
2025-09-22,"Hail, Caesar!",2016,https://boxd.it/881G,2.5
2025-09-24,The Ballad of Buster Scruggs,2018,https://boxd.it/jB2q,3.5
2025-09-25,Donnie Brasco,1997,https://boxd.it/1YRA,4
2025-09-25,Burn After Reading,2008,https://boxd.it/23BW,2.5
2025-09-26,The Ice Road,2021,https://boxd.it/o0C2,1.5
2025-09-28,The Order,2024,https://boxd.it/EVrs,4
2025-10-02,Valkyrie,2008,https://boxd.it/275g,2
2025-10-02,The Hobbit: An Unexpected Journey,2012,https://boxd.it/GZk,3.5
2025-10-05,A Bridge Too Far,1977,https://boxd.it/22nO,3
2025-10-05,The Hobbit: The Desolation of Smaug,2013,https://boxd.it/nmS,3
2025-10-06,The Lord of the Rings: The Fellowship of the Ring,2001,https://boxd.it/2b5O,4
2025-10-10,The Fantastic 4: First Steps,2025,https://boxd.it/mP6C,3.5
2025-10-10,The Lord of the Rings: The Two Towers,2002,https://boxd.it/2b5E,3.5
2025-10-10,The Lord of the Rings: The Return of the King,2003,https://boxd.it/2b5u,4
2025-10-10,Murder at Yellowstone City,2022,https://boxd.it/AP5C,2
2025-10-16,The Woman in Cabin 10,2025,https://boxd.it/NfTM,2.5
2025-10-17,Flight,2012,https://boxd.it/35Ca,3
2025-10-17,Left Behind,2014,https://boxd.it/6tKI,0.5
2025-10-17,Moon,2009,https://boxd.it/1IGQ,4
2025-10-20,Charade,1963,https://boxd.it/23O2,3
2025-10-23,Serpico,1973,https://boxd.it/1ZjE,4
2025-10-25,The Long Walk,2025,https://boxd.it/mic8,3.5
2025-10-26,A House of Dynamite,2025,https://boxd.it/NcXc,2.5
2025-10-27,The Lincoln Lawyer,2011,https://boxd.it/DRM,3
2025-10-28,Parasite,2019,https://boxd.it/hTha,4.5
2025-10-29,Meet Joe Black,1998,https://boxd.it/2aEI,3.5
2025-11-03,Joyeux Noel,2005,https://boxd.it/1TiU,3
2025-11-04,The Hill,1965,https://boxd.it/1xJY,3.5
2025-11-06,The Outfit,2022,https://boxd.it/u6Eq,2.5
2025-11-12,After the Sunset,2004,https://boxd.it/1VSK,1
2025-11-13,Deep Impact,1998,https://boxd.it/1ZYM,3
2025-11-22,One Battle After Another,2025,https://boxd.it/DUHM,4.5
2025-11-25,You Only Live Twice,1967,https://boxd.it/29Rw,2
2025-11-27,Battle Royale,2000,https://boxd.it/25zS,4
2025-11-28,The Conversation,1974,https://boxd.it/2a38,4
2025-11-28,North by Northwest,1959,https://boxd.it/2aRM,4.5
2025-11-30,Midnight in Paris,2011,https://boxd.it/i4a,4
2025-12-01,Election,1999,https://boxd.it/1YEc,3.5
2025-12-03,Vertigo,1958,https://boxd.it/2apI,3
2025-12-05,Money Monster,2016,https://boxd.it/9GCS,1.5
2025-12-09,L.A. Confidential,1997,https://boxd.it/27oC,4
2025-12-12,And Then There Were None,1945,https://boxd.it/23J2,3.5
2025-12-14,Wake Up Dead Man,2025,https://boxd.it/uAKS,3
2025-12-14,Jay Kelly,2025,https://boxd.it/EsWw,3.5
2025-12-17,Now You See Me: Now You Don't,2025,https://boxd.it/f3i2,3
2025-12-20,Bull Durham,1988,https://boxd.it/2wS8,2.5
2025-12-23,Dante's Peak,1997,https://boxd.it/1YdK,2
2025-12-23,Frost/Nixon,2008,https://boxd.it/1TI4,3
2025-12-25,Red One,2024,https://boxd.it/vTBM,2
2025-12-25,Wallace & Gromit: The Curse of the Were-Rabbit,2005,https://boxd.it/2ac0,3.5
2025-12-26,The Mastermind,2025,https://boxd.it/Q7ge,3.5
2025-12-29,Licorice Pizza,2021,https://boxd.it/qTKY,3.5
2025-12-31,Phantom Thread,2017,https://boxd.it/e4uc,3.5
2026-01-01,Magnolia,1999,https://boxd.it/2aze,5
2026-01-02,Training Day,2001,https://boxd.it/27A4,3.5
2026-01-02,Uncut Gems,2019,https://boxd.it/gXGc,3.5
2026-01-03,Casino,1995,https://boxd.it/2ads,4
2026-01-05,Man on Fire,2004,https://boxd.it/1Yvk,2
